rating,review_text,date
5,"The intake team was clear and fast from day one.",2026-01-03
4,"Communication was strong and timelines were mostly met.",2026-01-05
5,"Our attorney explained each step and reduced stress.",2026-01-09
3,"Good outcome but updates slowed near closing.",2026-01-11
2,"Billing details were confusing and changed late.",2026-01-14
4,"Paralegal support was responsive and organized.",2026-01-16
5,"Very professional court preparation and follow-through.",2026-01-18
1,"No one returned calls for several days.",2026-01-20
3,"Case closed successfully but document requests repeated.",2026-01-22
4,"Team handled a difficult situation with empathy.",2026-01-24
5,"Excellent strategy session and clear action plan.",2026-01-27
2,"We felt handoffs between staff were inconsistent.",2026-01-29
4,"Portal updates helped us track progress clearly.",2026-02-01
5,"Great responsiveness and proactive check-ins.",2026-02-03
3,"Outcome was acceptable though scheduling was hard.",2026-02-05
1,"Missed hearing prep caused unnecessary risk.",2026-02-07
4,"Strong legal guidance and practical next steps.",2026-02-09
5,"Attorney was calm, clear, and highly prepared.",2026-02-11
2,"Invoice language did not match prior estimates.",2026-02-13
4,"Client care felt professional and respectful.",2026-02-15
5,"Quick turnaround on key filings.",2026-02-17
3,"Some communication gaps during staffing changes.",2026-02-19
4,"Process was efficient with minimal surprises.",2026-02-21
5,"Clear ownership and dependable execution.",2026-02-23
2,"Follow-up cadence dropped after initial consultation.",2026-02-25
4,"Settlement options were explained in plain language.",2026-02-27
5,"The team stayed aligned and decisive.",2026-03-01
3,"Good legal work but slower than expected.",2026-03-03
1,"Critical deadline nearly missed due to confusion.",2026-03-05
4,"Well-structured updates and transparent risks.",2026-03-07
5,"Consistent communication and strong advocacy.",2026-03-09
2,"Needed more clarity on scope and fees.",2026-03-11
4,"Helpful reminders and prompt answers.",2026-03-13
5,"Excellent courtroom presence and preparation.",2026-03-15
3,"Support was fine, but status updates were uneven.",2026-03-17
4,"Overall reliable execution and clear documentation.",2026-03-19
5,"Would recommend based on professionalism and results.",2026-03-21
2,"Internal coordination issues were visible to clients.",2026-03-23
4,"Matter closed with a clear summary and next steps.",2026-03-25
5,"Great experience end-to-end.",2026-03-27
