date,rating,review_text
2024-02-01,5,"Outstanding legal representation! The attorneys were knowledgeable, responsive, and achieved an excellent outcome for my case. I highly recommend this firm."
2024-01-28,5,"Professionalism at its finest. They kept me informed throughout the entire process and answered all my questions promptly. Very satisfied with the results."
2024-01-25,4,"Good experience overall. The legal team was competent and my case was handled efficiently. Communication could have been slightly better but still very good."
2024-01-22,5,"Exceptional service from start to finish. The attorneys truly cared about my case and fought hard for me. I couldn't be happier with the outcome."
2024-01-20,3,"The legal work was satisfactory, but I felt the fees were quite high for the services provided. The outcome was acceptable though."
2024-01-18,5,"Highly professional and caring attorneys. They explained everything in terms I could understand and were always available when I needed them."
2024-01-15,4,"Very knowledgeable legal team. They handled my case with expertise and professionalism. The only minor issue was some delays in communication."
2024-01-12,2,"While the legal outcome was decent, I was disappointed with the lack of communication. Had to follow up multiple times to get updates on my case."
2024-01-10,5,"Best law firm I've ever worked with! Responsive, professional, and achieved an outstanding result. Worth every penny."
2024-01-08,4,"Solid legal representation. The attorneys knew their stuff and handled my case well. I would recommend them to others."
2024-01-05,5,"Incredible attention to detail and dedication to my case. The legal team went above and beyond my expectations. Truly grateful for their help."
2024-01-03,3,"The legal work was adequate, but I expected more personal attention given the fees charged. The outcome was okay."
2023-12-28,4,"Professional and efficient service. The attorneys were knowledgeable and my case was resolved in a timely manner. Very pleased overall."
2023-12-25,5,"Outstanding attorneys! They fought hard for me and achieved a better result than I expected. Excellent communication throughout."
2023-12-22,5,"Top-notch legal services. The team was responsive, professional, and genuinely cared about achieving the best outcome for me."
2023-12-20,2,"Disappointed with the communication. Emails and calls were not returned promptly, which caused unnecessary stress during my case."
2023-12-18,4,"Good legal representation. The attorneys were knowledgeable and professional. My only complaint is that the process took longer than anticipated."
2023-12-15,5,"Exceptional law firm! They handled my complex case with expertise and achieved a fantastic outcome. Highly recommend their services."
2023-12-12,4,"Very satisfied with the legal services provided. Professional team that knows what they're doing. Would use them again if needed."
2023-12-10,3,"The legal outcome was satisfactory, but I felt there could have been better communication about the strategy and timeline."
2023-12-08,5,"Wonderful experience! The attorneys were not only skilled but also compassionate and understanding of my situation. Excellent results."
2023-12-05,1,"Very dissatisfied with the service. Poor communication, delays, and felt like my case was not a priority. Would not recommend."
2023-12-03,5,"Professional, knowledgeable, and responsive. Everything you want in a law firm. They exceeded my expectations in every way."
2023-11-30,4,"Solid legal services. The team was professional and achieved a good outcome for my case. Some minor communication gaps but overall positive."
2023-11-28,5,"Best legal representation I could have asked for! They were with me every step of the way and achieved an outstanding result."
2023-11-25,3,"The legal work was competent, but I expected more frequent updates. Had to reach out multiple times to get information on my case progress."
2023-11-22,5,"Exceptional attorneys! Professional, responsive, and achieved a better outcome than I thought possible. Very grateful for their expertise."
2023-11-20,4,"Good experience overall. The legal team was knowledgeable and handled my case efficiently. Would recommend to others."
2023-11-18,5,"Outstanding service from intake to resolution. The attorneys were experts in their field and truly cared about my case. Highly recommend!"
2023-11-15,2,"Frustrated with the billing process. The legal services were okay, but felt the costs were not transparent and higher than expected."
2023-11-12,5,"Absolutely wonderful experience! The attorneys were professional, caring, and achieved an excellent outcome. Worth every penny."
2023-11-10,4,"Very competent legal team. They handled my case well and achieved a positive result. Communication was generally good."
2023-11-08,5,"Top-tier legal services! Professional, responsive, and knowledgeable. They fought hard for me and I couldn't be happier with the results."
2023-11-05,3,"The legal outcome was acceptable, but the process took much longer than I was initially told. Communication about delays was lacking."
2023-11-03,5,"Exceptional law firm! They treated me with respect, kept me informed, and achieved a fantastic outcome. Highly recommend their services."
2023-10-30,4,"Good legal representation. Professional team that knows the law well. My case was handled competently and efficiently."
2023-10-28,5,"Best attorneys I've worked with! Responsive, professional, and genuinely cared about achieving the best possible outcome for my case."
2023-10-25,2,"Disappointed with the level of attention my case received. Felt like I was just another file number rather than a valued client."
2023-10-22,5,"Outstanding legal services! The attorneys were experts in their field and provided excellent guidance throughout my case."
2023-10-20,4,"Very satisfied with the legal representation. Professional team that achieved a good outcome. Would recommend to friends and family."
2023-10-18,5,"Exceptional service from start to finish! The attorneys were knowledgeable, responsive, and achieved an excellent result for my case."
2023-10-15,3,"The legal work was satisfactory, but I felt the communication could have been better. Had to follow up often for updates."
2023-10-12,5,"Highly professional and skilled attorneys. They handled my case with expertise and compassion. Very grateful for their excellent work."
2023-10-10,4,"Good experience overall. The legal team was competent and my case was handled efficiently. Minor issues with response time to emails."
2023-10-08,5,"Best law firm I could have chosen! Professional, caring, and achieved an outstanding outcome. Exceeded all my expectations."
2023-10-05,1,"Very poor experience. Lack of communication, missed deadlines, and overall unprofessional handling of my case. Would not recommend."
2023-10-03,5,"Wonderful attorneys! They were knowledgeable, responsive, and truly cared about achieving the best outcome for me. Highly recommend!"
2023-09-30,4,"Solid legal services. Professional team that handled my case well. The outcome was positive and I'm satisfied with their work."
2023-09-28,5,"Exceptional law firm! They went above and beyond for my case. Professional, responsive, and achieved an excellent result."
2023-09-25,3,"The legal outcome was okay, but I expected more proactive communication. Often had to reach out to get updates on my case status."
2023-09-22,5,"Outstanding legal representation! The attorneys were experts in their field and provided excellent service. Very happy with the results."
