date,client_name,rating,source,text
2024-09-05,Harold J.,5,Google,"They updated my will and explained every clause in plain English."
2024-09-07,Olga M.,5,Google,"The attorney gave practical advice about taxes and kept the meeting on time."
2024-09-10,Samir K.,4,Google,"Good experience overall, but the initial intake form was a bit long."
2024-09-12,Denise O.,5,Google,"They met with my whole family and answered everyone’s questions patiently."
2024-09-15,Patrick Q.,4,Google,"Draft documents were accurate. One typo in an address but quickly fixed."
2024-09-18,Allan H.,5,Google,"They coordinated with my accountant so I didn’t have to repeat everything."
2024-09-20,Linda V.,5,Google,"Clear fee structure and no surprise charges at the end."
2024-09-23,Marco S.,4,Google,"Office decor is dated but the legal work is excellent."
2024-09-26,Ellen B.,5,Google,"They offered evening appointments which helped with my work schedule."
2024-09-29,Philip D.,5,Google,"Explained pros and cons of different trust options without jargon."
2024-10-02,Kimberly F.,4,Google,"I got thorough answers, but sometimes responses took a business day."
2024-10-05,Geraldine T.,5,Google,"They helped my elderly mother feel comfortable and respected."
2024-10-08,Stuart L.,5,Google,"Turnaround time on documents was faster than promised."
2024-10-11,Claudia R.,3,Google,"Quality was good but I wish there had been a clearer checklist of decisions I needed to make."
2024-10-14,Neil C.,4,Google,"They recommended practical steps I could take immediately, not just documents."
2024-10-17,Frances W.,5,Google,"Reception and paralegal staff were friendly and organized."
2024-10-20,Roger P.,5,Google,"They spotted a mistake in a prior will drafted elsewhere and fixed it."
2024-10-23,Tanya G.,4,Google,"I had to wait 20 minutes past my appointment time, but the meeting itself was very helpful."
2024-10-26,Victor Z.,5,Google,"They gave me a binder and digital copies of everything, clearly labeled."
2024-10-29,Hannah E.,5,Google,"I left feeling like I finally understood my own estate plan."
2024-11-01,Jerome K.,4,Google,"Follow-up questions were answered, but I had to send a reminder once."
2024-11-04,Daisy N.,5,Google,"They coordinated signatures with my out-of-state son without any hassle."
2024-11-07,Ralph H.,4,Google,"Parking is limited, but they validated for the garage next door."
2024-11-10,Marisa C.,5,Google,"They anticipated questions I didn’t even know to ask about beneficiaries."
2024-11-13,Kenya J.,5,Google,"Emails summarized action items clearly at the end."
2024-11-16,Leo A.,3,Google,"I got good advice, but the invoice layout was a little confusing."
2024-11-19,Paula S.,4,Google,"They were open about when I did and didn’t need a more complex trust."
2024-11-22,Calvin Y.,5,Google,"They explained how to keep documents updated as laws and my life change."
2024-11-25,Nadia P.,5,Google,"Everyone was professional and on time for our signing meeting."
2024-11-28,Trent M.,4,Google,"Good experience. I wish there were an online portal for documents."
2024-12-01,Loretta F.,5,Google,"They made a complicated topic feel manageable, step by step."
2024-12-04,Andre R.,4,Google,"They were willing to coordinate with my financial advisor, which I appreciated."
2024-12-07,Joanne K.,5,Google,"Phone calls were returned within one business day every time."
2024-12-10,Xavier B.,4,Google,"Some of the written explanations were dense, but they clarified them in person."
2024-12-13,Melanie D.,5,Google,"They offered to review my documents again after a major life change at no extra fee."
2024-12-16,Clark P.,5,Google,"Friendly, efficient, and very detail-oriented. Highly recommend."
2024-12-19,Ingrid S.,4,Google,"The only downside was limited appointment availability around the holidays."
2024-12-22,Russell J.,5,Google,"They worked well with my bank to retitle accounts into the trust."
2024-12-27,Jasmine H.,5,Google,"I never felt rushed, even though they were clearly busy."
2024-12-30,Gordon W.,4,Google,"Overall excellent. A brief summary sheet at the end of each meeting would be helpful."
